<?xml version='1.0' encoding='UTF-8'?>
<!DOCTYPE hibernate-configuration PUBLIC
	"-//Hibernate/Hibernate Configuration DTD 3.0//EN"
	"http://www.hibernate.org/dtd/hibernate-configuration-3.0.dtd">

<!-- Generated by MyEclipse Hibernate Tools. -->
<hibernate-configuration>

	<session-factory>
		<property name="dialect">
			org.hibernate.dialect.MySQLDialect
		</property>

		<property name="connection.url">
			jdbc:mysql://localhost:3306/user?useUnicode=true&amp;amp;characterEncoding=UTF-8
		</property>
		<property name="connection.username">root</property>
		<property name="connection.password">123456</property>
		<property name="connection.driver_class">
			com.mysql.jdbc.Driver
		</property>

		<!-- 必要 -->
		<property name="connection.useUnicode">true</property>
		<property name="connection.characterEncoding">UTF-8</property>

		<property name="connection.autocommit">false</property>
		<property name="hibernate.show_sql">true</property>
		<property name="hibernate.hbm2ddl.auto">update</property>

		<mapping resource="org/fary/entity/Image.hbm.xml" />
	</session-factory>

</hibernate-configuration>