<?xml version="1.0" encoding="UTF-8"?>
<!DOCTYPE struts PUBLIC
	"-//Apache Software Foundation//DTD Struts Configuration 2.3//EN"
	"http://struts.apache.org/dtds/struts-2.3.dtd">
<struts>
	<package name="default" extends="struts-default" namespace="/">
		<action name="add" class="imageAction" method="add">
			<result name="success">/success.jsp</result>
			<result name="error">/error.jsp</result>
		</action>

		<action name="findAll" class="imageAction" method="findAll">
			<result name="success">/success.jsp</result>
			<result name="error">/error.jsp</result>
		</action>
	</package>
</struts>