<?xml version="1.0" encoding="UTF-8"?>
<!DOCTYPE hibernate-mapping PUBLIC 
    "-//Hibernate/Hibernate Mapping DTD 3.0//EN"
    "http://www.hibernate.org/dtd/hibernate-mapping-3.0.dtd">

<hibernate-mapping package="org.fary.entity">
	<class name="Image" table="image">
		<id name="id" column="id" type="java.lang.Integer">
			<generator class="identity" />
		</id>

		<property name="first" column="first" length="100" not-null="true" />
		<property name="second" column="second" length="100"
			not-null="true" />
		<property name="three" column="three" length="100" not-null="true" />
	</class>
</hibernate-mapping>