{ "docmap": [
	{ "url":"",		 				"name":"1. Introduction" },
	{ "url":"1-1-features",			"name":"1.1. Features"},
	{ "url":"2-0-installing",		"name":"2. Installation"},
	{ "url":"3-0-first-datebox",	"name":"3. Your First Datebox"},
	{ "url":"3-1-themes",			"name":"3.1. Themeing Datebox"},
	{ "url":"3-2-locale",			"name":"3.2. Localizing Datebox"},
	{ "url":"3-3-output",			"name":"3.3. Output Formats"},
	{ "url":"3-4-display",			"name":"3.4. Display Modes"},
	{ "url":"3-5-advdisplay",		"name":"3.5. Display Modifiers"},
	{ "url":"3-6-open",				"name":"3.6. Open Methods"},
	{ "url":"4-limits",				"name":"4. Data Limiting"},
	{ "url":"4-1-defaults",			"name":"4.1. Default / Start Dates"},
	{ "url":"4-2-limit", 			"name":"4.2. Excluding Dates"},
    { "url":"4-3-include", 			"name":"4.3. Including Dates"},
    { "url":"5-0-control", 			"name":"5. UI Controls"},
    { "url":"6-0-prog", 			"name":"6. Extending Datebox"},
    { "url":"6-1-callback", 		"name":"6.1. Callbacks / Listeners"},
    { "url":"6-2-link", 			"name":"6.2. Linking Dateboxes"},
    { "url":"6-3-func", 			"name":"6.3. Common Functions"},
    { "url":"6-4-trigger", 			"name":"6.4. Triggers"},
    { "url":"6-5-globals", 			"name":"6.5. Global Data"},
    { "url":"7-0-demos", 			"name":"7. Advanced Demos"},
    { "url":"7-1-formats",			"name":"7.1. Multiple Formats"},
    { "url":"7-2-custom",			"name":"7.2. CustomBox/Flip"},
    { "url":"7-3-demos",			"name":"7.3. Demo Magic"},
    { "url":"8-0-pack", 			"name":"8. 3rd-Party Integration"}
],
"langmap": [
	["en","English US"],["af","Afrikaans"],["ar","Arabic"],["bg","Bulgarian"],["ca","Catalan"],["cs","Czech"],["da","Danish"],["de","German"],["el","Greek Modern"],["es-ES","Spanish"],["fi","Finnish"],["fr","French"],["he","Hebrew"],["hr","Croatian"],["hu","Hungarian"],["id","Indonesian"],["it","Italian"],["ja","Japanese"],["ko","Korean"],["lt","Lituanian"],["nl","Dutch"],["nl-BE","Dutch Belgium"],["no","Norwegian"],["pl","Polish"],["pt-BR","Portuguese"],["pt-PT","Portuguese"],["ro","Romainian"],["ru","Russian"],["sl","Slovenian"],["sr","Serbian"],["sv-SE","Swedish"],["th","Thai"],["tr","Turkish"],["uk","Ukrainian"],["vi","Vietnamese"],["zh-CN","Chinese - Simplified"],["zh-TW","Chinese - Traditional"]
]

}

